id,legal_name,display_name,name,email,description,capabilities,products,technology_tags,tags,industry,sector,maturity_level,location,state,city,past_deployments,past_deployments_count,dpiit_status,dpiit_number,is_dpiit_certified,is_women_led,verification_status,verified_evidence_count,profile_strength,current_score,turnover_lakhs,experience_years,debarred,source
1,PowerGrid Analytics Private Limited,PowerGrid Analytics,PowerGrid Analytics,contact@powergrid.demo,"Provides real-time electricity distribution monitoring, smart grid analytics, automated power outage detection, and distribution transformer health tracking for electric utilities and state power distribution companies.","Power outage detection, Electricity distribution monitoring, Smart grid analytics, Distribution transformer monitoring, IoT telemetry, Utility communication, Outage prediction, Power quality analysis","GridPulse Telemetry, OutageWatcher IoT, TransformerGuardian","IoT sensors, SCADA telemetry, edge computing, MQTT, Python, time-series analytics","power outage detection, electricity monitoring, smart grid, power distribution, energy management, utility monitoring, IoT telemetry",Energy & Utilities,Energy / Utilities,Market-Ready,"Pune, Maharashtra",Maharashtra,Pune,Deployed 24/7 power outage detection and transformer monitoring across 14 substations for Maharashtra State Electricity Distribution (MSEDCL) pilot.,4,verified,DIPP98214,True,False,verified,8,88.0,84.2,35.0,3,False,demo_registry
2,UrjaSense IoT Solutions Private Limited,UrjaSense IoT,UrjaSense IoT,contact@urjasense.demo,"Specialized in smart grid sensors, automated blackout and electricity supply interruption detection, substation telemetry, and citizen outage notification systems for municipal and rural electricity boards.","Power outage detection, Electricity supply interruption alerts, Smart grid, Substation monitoring, Electrical infrastructure health, Blackout notification, Utility monitoring, Energy management","UrjaSense OutageBeacon, SubstationAlert","LoRaWAN, cellular IoT, energy analytics, SMS gateway, Python, real-time alerts","electricity cut, power outage alerts, smart grid, electrical infrastructure, utility monitoring, citizen notification",Energy & Utilities,Energy / Utilities,Pilot-Ready,"Mumbai, Maharashtra",Maharashtra,Mumbai,Smart grid blackout alert pilot deployed in Kalyan municipal zone covering 8 feeder lines.,3,verified,DIPP84120,True,True,verified,6,78.0,79.5,22.0,2,False,demo_registry
3,GridPulse Technologies LLP,GridPulse Technologies,GridPulse Technologies,contact@gridpulse.demo,"Utility monitoring and predictive electrical infrastructure maintenance startup developing transformer monitoring, load forecasting, and automated consumer power cut notification platforms.","Power cut notification, Grid analytics, Distribution transformer monitoring, Utility telemetry, Outage prediction, Predictive maintenance, Electrical grid sensors","GridPulse Consumer Alert, LoadForecaster","IoT hardware, Python, cloud analytics, GIS mapping, edge telemetry","power cuts, transformer monitoring, utility analytics, outage notification, smart grid",Energy & Utilities,Energy / Utilities,Pilot-Ready,"Nagpur, Maharashtra",Maharashtra,Nagpur,Pilot testbed on 5 distribution transformers with automated SMS outage alerts in Nagpur district.,2,verified,DIPP77432,True,False,verified,5,72.0,74.0,15.0,2,False,demo_registry
4,CleanGrid Robotics Private Limited,CleanGrid Robotics,CleanGrid Robotics,contact@cleangrid.demo,"Robotics and computer vision for automated municipal solid waste sorting, material recovery facilities (MRF), smart waste bin fill-level monitoring, and recycling automation.","Waste management, Automated waste sorting, Recycling automation, Smart waste bins, Municipal solid waste logistics, Computer vision trash classification, Environmental monitoring","SortBot MRF, BinSense Ultrasonic","Computer vision, robotics, edge AI, ultrasonic IoT sensors, PyTorch, telemetry","waste management, smart waste, recycling, robotics, IoT sensors, municipal services",Municipal Waste Management,Municipal Infrastructure & Waste,Pilot-Ready,"Ahmedabad, Gujarat",Gujarat,Ahmedabad,Automated waste sorting unit piloted at one Ahmedabad Municipal Corporation MRF facility.,2,verified,DIPP65431,True,False,verified,5,68.0,71.5,18.0,2,False,demo_registry
5,SwachhRoute IoT Private Limited,SwachhRoute IoT,SwachhRoute IoT,contact@swachhroute.demo,"Intelligent municipal solid waste collection route optimization, smart dustbin telemetry, and environmental fleet management platform for urban local bodies.","Smart waste management, Route optimization, Waste collection fleet telemetry, Ultrasonic waste fill-level monitoring, Municipal services, Environmental monitoring","SwachhFleet, BinTrack IoT","GPS fleet telemetry, IoT sensors, graph route algorithms, Python, GIS","waste collection, route optimization, smart waste bins, municipal services, environmental monitoring",Municipal Waste Management,Municipal Infrastructure & Waste,Market-Ready,"Navi Mumbai, Maharashtra",Maharashtra,Navi Mumbai,Deployed smart waste collection route optimization across 12 wards in Navi Mumbai Municipal Corporation.,3,verified,DIPP54321,True,False,verified,7,82.0,81.0,28.0,3,False,demo_registry
6,EcoSort Systems LLP,EcoSort Systems,EcoSort Systems,contact@ecosort.demo,"Municipal waste logistics, composting telemetry, landfill diversion tracking, and citizen recycling grievance redressal portal.","Waste collection, Composting telemetry, Landfill monitoring, Citizen waste grievance reporting, Environmental monitoring, Recycling logistics","EcoSort Web, WasteAudit","IoT sensors, cloud portal, GIS mapping, mobile app","waste management, recycling, environmental monitoring, waste logistics, citizen app",Municipal Waste Management,Municipal Infrastructure & Waste,Prototype,"Pune, Maharashtra",Maharashtra,Pune,Community composting bin telemetry trial with Pune residential welfare association.,1,self_declared,,False,True,demo,2,52.0,55.0,8.0,1,False,demo_seed
7,AquaSense Labs Private Limited,AquaSense Labs,AquaSense Labs,contact@aquasense.demo,"Smart water infrastructure management, acoustic pipeline leak detection, municipal water distribution monitoring, and predictive pipeline burst maintenance.","Water infrastructure, Pipeline monitoring, Acoustic leak detection, Municipal water distribution, Predictive maintenance, Water pressure telemetry, Utility infrastructure","AquaSense PipeGuard, HydroLeak Acoustic Sensor","Acoustic sensors, pressure transducers, IoT telemetry, digital twin, Python, signal processing","water quality, pipeline leak detection, municipal water, predictive maintenance, IoT sensors",Water & Sanitation,Water & Sanitation,Market-Ready,"Nashik, Maharashtra",Maharashtra,Nashik,Acoustic leak detection deployed across 45 km of municipal water supply pipeline in Nashik Smart City.,4,verified,DIPP43210,True,True,verified,9,86.0,83.5,42.0,4,False,demo_registry
8,JalRakshak Technologies LLP,JalRakshak,JalRakshak,contact@jalrakshak.demo,"Groundwater monitoring network, rural water quality testing, aquifer telemetry, contaminant detection, and citizen water quality alert dashboard.","Water quality monitoring, Groundwater telemetry, Aquifer monitoring, Contaminant testing, Water distribution network, Sanitation monitoring","JalRakshak IoT Probe, JalPortal","Electro-chemical IoT sensors, LoRaWAN, mobile app, cloud dashboards","water quality, groundwater monitoring, sanitation, IoT sensors, rural water",Water & Sanitation,Water & Sanitation,Pilot-Ready,"Jaipur, Rajasthan",Rajasthan,Jaipur,Groundwater quality testing network across 18 village water points in Rajasthan.,2,verified,DIPP32109,True,True,verified,5,74.0,75.0,16.0,2,False,demo_registry
9,HydroFlow Dynamics Private Limited,HydroFlow Dynamics,HydroFlow Dynamics,contact@hydroflow.demo,"Predictive maintenance for municipal water pipelines, flow rate analysis, transient pressure surge detection, and urban pipeline health monitoring.","Water pipeline monitoring, Leak detection, Predictive maintenance, Pipeline infrastructure, Hydraulic flow modeling, Water pressure sensors, Utility infrastructure","HydroFlow SurgeGuard, PipePulse","SCADA integration, IoT sensors, hydraulic simulations, edge telemetry, Python","pipeline monitoring, water infrastructure, leak detection, predictive maintenance, IoT sensors",Water & Sanitation,Water & Sanitation,Market-Ready,"Thane, Maharashtra",Maharashtra,Thane,Municipal pipeline pressure monitoring and burst prediction on main supply line in Thane district.,3,verified,DIPP21098,True,False,verified,6,79.0,78.0,25.0,3,False,demo_registry
10,MediReach Telehealth Private Limited,MediReach,MediReach,contact@medireach.demo,"Telemedicine mobile application, remote patient appointment management, rural primary health centre teleconsultations, and clinical doctor triage.","Telemedicine, Patient appointment management, Clinical triage, Remote consultations, Electronic health records, Rural healthcare, Healthcare mobile app","MediReach HealthApp, PHC Teleconsult","Mobile app, WebRTC, NLP triage, cloud records, Flutter, Python API","telemedicine, healthcare, clinical appointments, rural health, mobile app",Public Health & Healthcare,Public Health & Healthcare,Market-Ready,"Bengaluru, Karnataka",Karnataka,Bengaluru,Ran teleconsultation pilots in 4 primary health centres in Karnataka.,2,verified,DIPP10987,True,True,verified,6,82.0,82.0,20.0,3,False,demo_registry
11,ArogyaPulse Systems Private Limited,ArogyaPulse,ArogyaPulse,contact@arogyapulse.demo,"Hospital bed management, outpatient queue mobile tracking, and maternal health monitoring for district government hospitals.","Hospital management, Bed occupancy tracking, Outpatient queue app, Maternal healthcare, Patient monitoring, Medical clinic workflows","ArogyaBed, QueuePulse","Mobile application, Bluetooth beacons, cloud database, Python, React","healthcare, hospital beds, outpatient queue, medical app, maternal health",Public Health & Healthcare,Public Health & Healthcare,Pilot-Ready,"Mumbai, Maharashtra",Maharashtra,Mumbai,Deployed OPD queue management in 1 district hospital in Mumbai.,1,verified,DIPP09876,True,False,verified,4,65.0,67.0,12.0,1,False,demo_registry
12,EduSpark Learning Technologies Private Limited,EduSpark,EduSpark,contact@eduspark.demo,"Adaptive learning mobile application, digital classroom assessment, student literacy tracking, and NLP pedagogy tools for state schools.","Adaptive learning, Mobile app learning, Student literacy assessment, NLP pedagogy, Classroom analytics, Curriculum tracking","EduSpark Learn, LiteracyMeter","Mobile app, Python NLP, offline-first sync, educational analytics","education, learning app, student literacy, school curriculum, mobile app",Education & Skilling,Education & Skilling,Market-Ready,"New Delhi, Delhi",Delhi,New Delhi,Adaptive learning app used across 8 government primary schools in Delhi.,2,verified,DIPP98765,True,False,verified,5,65.0,68.0,14.0,2,False,demo_registry
13,Trafica Systems Private Limited,Trafica Systems,Trafica Systems,contact@trafica.demo,"Computer vision and IoT sensor-based adaptive traffic signal control, intersection congestion analytics, and emergency vehicle green corridors.","Adaptive traffic control, Traffic sensors, Computer vision congestion detection, Intersection telemetry, Real-time traffic analytics, Smart mobility","Trafica Adaptive Signal, FlowVision AI","Computer vision cameras, edge AI processors, traffic light controllers, Python, OpenCV","traffic congestion, computer vision, traffic sensors, adaptive signals, urban mobility",Urban Transport & Mobility,Urban Transport & Mobility,Market-Ready,"Pune, Maharashtra",Maharashtra,Pune,"Piloted adaptive signal control for 8 junctions in Pune Smart City, 2024.",3,verified,DIPP87654,True,False,verified,7,78.0,80.0,30.0,3,False,demo_registry
14,SafeStreet Analytics LLP,SafeStreet Analytics,SafeStreet Analytics,contact@safestreet.demo,"CCTV-based highway incident detection, vehicular license plate recognition, and public safety surveillance analytics.","Traffic surveillance, Incident detection, ANPR license plate recognition, Highway safety telemetry, Computer vision, Public safety","SafeStreet Guard, EyeOnHighway","CCTV streaming, neural vision models, edge servers, PyTorch","traffic surveillance, CCTV, public safety, incident detection, computer vision",Urban Transport & Mobility,Urban Transport & Mobility,Prototype,"Mumbai, Maharashtra",Maharashtra,Mumbai,CCTV incident detection deployed on 2 highway test stretches.,1,self_declared,,False,False,demo,2,55.0,58.0,10.0,1,False,demo_seed
15,AgroYield AI Private Limited,AgroYield AI,AgroYield AI,contact@agroyield.demo,"Satellite crop imagery analysis, crop disease detection, soil moisture prediction, and farmer mobile advisory for agricultural extension.","Crop yield prediction, Satellite remote sensing, Agricultural soil telemetry, Farm advisory, Crop disease identification, Farmer mobile app","AgroYield FarmSense, SoilEye","Sentinel satellite imagery, mobile application, multispectral models, Python","agriculture, satellite imagery, crop analytics, farming advisory, mobile app",Agriculture & Rural Development,Agriculture & Rural Development,Pilot-Ready,"Nashik, Maharashtra",Maharashtra,Nashik,Yield prediction model validated on 400 acres in Nashik district.,1,self_declared,,False,False,demo,3,60.0,62.0,9.0,1,False,demo_seed
